<platform PlatformName="merrifield" Step="A0" UMGFWTKVersion="0.1.0">
<key>key.pem</key>
<key_passphrase>1234567890</key_passphrase>
<magic_num>0x31304843</magic_num >
<major_version>0</major_version>
<minor_version>0</minor_version>
<output_file>./output.bin</output_file>
<vrl_size>0</vrl_size>
	<binary>
	<!-- binary 1 -->
		<image_filepath>./input1.bin</image_filepath>
		<load_address>0x2000</load_address >
		<storage_address>0x4C002F4</storage_address >
	</binary>	
	<binary>
	<!-- binary n -->
		<image_filepath>./input2.bin</image_filepath>
		<load_address>0x08000000</load_address >
		<storage_address>0x4C06AF0</storage_address >
	</binary>
</platform>
